Sample	Reports	Occurrences	% of all reads
AATACGATTGCATTGGCCGCTGTATCAGTCATAATCACTTATTTAATCGC	4	4993	0.000586402614098998
ATTAAGCGTTTGGAAGAACAAGGCTTCATTTATCGTCAAGAAGATGCAAG	2	1684	0.0001977772886326282
ATTAAGCGTTTGGAAGAACAAGGCTTTATTTATCGTCAAGAAGATGCAAG	9	12266	0.0014405797044939534
ATTGCTTGTGCGAGTTCCATTCCCAGCTGATTGATTTTTTCTGCGCCTAA	4	12297	0.0014442204978120123
CAATTCCTTTGAGTTTCAACCTTGCGGTCGTACTCCCCAGGCGGAGTGCT	3	3256	0.0003824007433419462
CGGTGAAATGCGTAGATATATGGAGGAACACCAGTGGCGAAGGCGGCTCT	6	6177	0.0007254574298597058
CGTCAATTCCTTTGAGTTTCAACCTTGCGGTCGTACTCCCCAGGCGGAGT	3	2984	0.00035045571809962144
CTTTTTTTTCTTGTGGCGTTCTTTGTCTTTGGATTTCGGCAGCACTTCCA	4	6905	0.000810957350361222
GATTAAGCGTTTGGAAGAACAAGGCTTTATTTATCGTCAAGAAGATGCAA	7	8830	0.0010370388709181157
GGGGGGGGGGGGGGGGGGGGGGGGGGGGGGGGGGGGGGGGGGGGGGGGGG	384	1440061	0.16912788601282136
GGTGAAATGCGTAGATATATGGAGGAACACCAGTGGCGAAGGCGGCTCTC	7	8243	0.0009680986877664811
GTATAAATCAATCATTGTTTTCAACAATTTTTGATCGACATAGTCCAAGC	2	2825	0.0003317819717263507
GTCAATTCCTTTGAGTTTCAACCTTGCGGTCGTACTCCCCAGGCGGAGTG	11	15069	0.0017697778874139396
GTGAAATGCGTAGATATATGGAGGAACACCAGTGGCGAAGGCGGCTCTCT	6	6858	0.0008054374379112614
TAGAAGTAGTTCTTCTGATAACTCAGGAGAGTAAGCTAGACCGTCTTCAG	4	2625	0.0003082929825775825
TATCAATCGATTTATTGAAAATTCAGTTAAAACGGCTGTAGCTAATGCGA	3	2951	0.0003465800348900747
TCAATTCCTTTGAGTTTCAACCTTGCGGTCGTACTCCCCAGGCGGAGTGC	59	96177	0.011295502546805393
TGCAATTGCAATTTTCATAAATAAAAGCCTCCAAACTTAATTTATAATAA	4	5007	0.0005880468433394118
TTCGTTCGGTCACTACAGAGTGAAGTCCTTGTCCTCTAATACCAGCATTT	3	4020	0.0004721286818902407
TTTTTTTTCTTGTGGCGTTCTTTGTCTTTGGATTTCGGCAGCACTTCCAA	5	9300	0.0010922379954177211
